Species,Class,GCA (Ala),GCC (Ala),GCG (Ala),GCT (Ala),CGA (Arg),CGC (Arg),CGG (Arg),CGT (Arg),AAC (Asn),AAT (Asn),GAC (Asp),GAT (Asp),TGC (Cys),TGT (Cys),CAA (Gln),CAG (Gln),GAA (Glu),GAG (Glu),GGA (Gly),GGC (Gly),GGG (Gly),GGT (Gly),CAC (His),CAT (His),ATC (Ile),ATT (Ile),CTA (Leu),CTC (Leu),CTG (Leu),CTT (Leu),TTA (Leu),TTG (Leu),AAA (Lys),AAG (Lys),ATA (Met),ATG (Met),TTC (Phe),TTT (Phe),CCA (Pro),CCC (Pro),CCG (Pro),CCT (Pro),AGC (Ser),AGT (Ser),TCA (Ser),TCC (Ser),TCG (Ser),TCT (Ser),ACA (Thr),ACC (Thr),ACG (Thr),ACT (Thr),TGA (Trp),TGG (Trp),TAC (Tyr),TAT (Tyr),GTA (Val),GTC (Val),GTG (Val),GTT (Val),AGA (Stop),AGG (Stop),TAA (Stop),TAG (Stop)
Acinonyx jubatus,Mammalia,80,104,4,57,48,11,2,6,91,65,38,27,18,6,82,8,77,22,97,58,23,39,61,34,161,171,267,86,39,66,111,17,93,9,215,44,117,111,74,67,5,53,32,18,117,57,8,43,136,98,12,71,92,12,68,74,94,37,19,40,1,0,8,0
Ailuropoda melanoleuca,Mammalia,100,85,9,66,49,8,4,3,74,77,30,38,11,16,75,13,72,28,104,43,34,33,48,53,110,208,248,62,50,97,126,15,78,22,187,54,96,143,73,43,11,70,27,32,84,55,7,68,143,70,15,82,91,15,53,78,99,40,22,48,1,0,7,0
Aotus nancymaae,Mammalia,84,106,6,54,37,14,1,10,76,76,38,30,10,10,88,5,72,19,72,74,22,38,53,46,111,226,269,69,30,104,121,9,79,17,233,26,110,128,79,84,5,38,41,15,101,70,5,54,151,88,8,86,99,4,53,86,67,21,15,48,0,1,6,0
Artibeus jamaicensis,Mammalia,81,80,1,84,38,15,2,12,64,84,28,38,11,13,76,7,76,16,93,58,20,46,53,44,113,212,237,96,12,101,162,13,78,14,218,26,94,133,83,66,1,50,28,27,83,62,3,76,144,78,7,106,102,3,50,87,98,35,9,46,1,0,9,1
Balaenoptera acutorostrata scammoni,Mammalia,101,107,2,43,41,16,2,6,113,45,52,15,14,10,89,5,77,16,85,64,18,47,69,30,186,139,295,117,19,72,106,12,91,5,200,33,150,90,77,80,2,47,37,21,90,72,5,38,166,108,8,50,95,9,70,57,87,39,12,38,2,0,7,2
Balaenoptera musculus,Mammalia,97,112,3,41,41,16,2,8,111,45,44,24,16,8,88,5,80,13,91,75,12,35,70,28,178,141,304,122,16,72,104,10,86,11,181,37,159,78,76,73,0,59,38,20,93,81,3,30,165,94,12,61,95,10,67,59,90,46,17,37,2,0,7,2
Bison bison bison,Mammalia,102,91,4,51,43,11,2,7,108,55,42,27,17,5,81,6,79,16,107,60,21,31,67,30,156,172,281,93,30,64,111,14,91,8,222,42,134,110,85,70,3,33,38,15,100,62,4,55,163,87,14,47,94,10,72,61,89,43,17,37,1,0,7,0
Bos indicus,Mammalia,105,93,1,52,42,11,3,7,103,57,44,24,18,4,79,8,79,16,98,62,30,28,61,33,162,163,281,94,30,64,112,16,89,11,218,43,129,111,82,64,4,43,42,15,97,66,7,51,161,91,11,45,91,13,75,61,88,47,15,41,1,0,7,0
Bos mutus,Mammalia,104,85,3,58,41,11,4,7,104,60,43,25,16,6,83,4,80,15,99,61,29,30,59,36,149,181,282,95,32,60,112,13,90,9,223,38,135,108,83,68,4,36,38,15,98,58,5,59,167,84,13,50,92,12,75,60,90,44,14,35,1,0,7,0
Bos taurus,Mammalia,104,91,2,53,42,11,3,7,100,60,46,23,16,6,79,8,78,17,97,62,31,27,63,30,160,165,283,94,29,62,110,17,90,10,216,45,133,107,85,63,3,42,45,12,99,65,5,51,154,96,16,44,92,12,74,64,86,49,16,40,1,0,7,0
Bubalus bubalis,Mammalia,109,100,6,36,42,13,4,4,122,44,44,23,19,5,79,10,72,23,91,62,36,27,72,23,176,150,266,94,52,60,98,23,84,11,209,60,142,99,84,57,8,45,47,13,103,72,3,42,157,93,16,40,87,17,69,59,80,45,23,40,1,0,8,1
Callithrix jacchus,Mammalia,102,96,3,53,42,13,4,3,102,56,46,20,13,10,88,6,71,19,64,73,36,31,65,33,167,161,280,72,35,80,108,19,80,11,195,54,133,103,92,63,6,43,39,15,101,78,8,42,166,122,13,61,90,14,78,62,73,26,22,28,0,0,3,3
Callorhinus ursinus,Mammalia,82,110,18,43,42,12,5,4,84,63,40,30,17,8,81,6,73,22,113,49,23,35,68,33,187,139,287,81,55,59,111,13,85,14,210,51,143,84,74,79,5,40,43,13,104,65,14,44,134,105,23,60,91,11,62,69,102,26,16,35,1,0,5,1
Camelus bactrianus,Mammalia,87,117,13,46,39,12,8,9,90,62,38,30,14,11,70,20,59,37,94,67,33,26,66,27,132,181,233,94,68,73,97,28,78,18,180,76,127,109,42,83,18,53,43,11,72,77,9,54,128,91,35,61,91,13,63,74,75,51,35,45,1,0,6,1
Camelus dromedarius,Mammalia,83,114,14,51,39,10,7,11,92,53,41,29,15,10,69,21,69,27,83,71,41,23,62,31,130,179,234,99,63,71,96,30,76,20,176,70,122,113,52,84,9,55,43,18,74,76,6,53,133,94,32,63,88,16,70,66,87,60,27,41,1,0,6,1
Camelus ferus,Mammalia,88,110,12,57,39,14,8,7,92,59,41,28,14,11,67,23,61,35,90,68,37,24,64,28,132,181,228,97,68,72,96,33,77,19,175,76,132,103,49,81,12,54,40,14,71,75,10,55,126,95,34,61,88,16,69,68,80,49,33,46,1,0,6,1
Capra hircus,Mammalia,107,86,6,46,39,12,4,9,110,52,46,22,17,5,80,8,77,19,104,52,26,33,67,30,149,185,276,108,23,75,108,10,90,7,215,42,134,109,87,73,1,32,38,17,102,58,10,46,169,91,9,54,99,5,63,69,83,40,13,43,1,0,7,0
Carlito syrichta,Mammalia,91,89,7,66,41,14,4,9,79,64,35,34,17,9,73,8,84,13,87,56,25,47,53,44,128,200,240,106,25,109,131,20,85,8,204,40,101,139,66,77,4,42,32,27,91,82,3,51,141,105,12,65,91,14,63,66,62,43,23,39,1,0,6,3
Cavia porcellus,Mammalia,97,82,7,66,38,13,4,9,87,67,41,29,16,12,76,10,73,23,86,55,30,39,67,32,162,176,201,73,48,79,184,25,84,11,194,45,135,98,82,41,11,54,38,18,120,70,8,54,134,87,17,64,78,27,64,76,73,30,18,52,1,1,5,3
Ceratotherium simum simum,Mammalia,88,100,5,49,42,15,1,5,116,37,49,14,16,6,82,8,73,21,92,59,27,38,81,23,197,143,294,112,29,71,78,20,91,9,192,37,154,87,92,59,7,39,47,15,125,67,12,31,161,103,13,51,93,10,83,46,78,36,23,41,1,0,7,2
Chinchilla lanigera,Mammalia,93,83,13,50,48,8,3,4,132,41,40,23,16,10,83,7,75,19,107,47,35,20,79,24,225,123,266,112,39,66,109,32,91,9,184,33,163,72,78,54,11,58,36,16,140,65,6,40,135,117,19,48,92,13,83,47,69,46,14,23,2,0,6,1
Choloepus didactylus,Mammalia,85,108,11,29,36,26,1,4,127,32,42,21,21,7,82,5,72,18,103,71,21,27,86,21,198,123,296,142,46,51,73,16,86,6,185,48,139,81,106,70,7,29,36,14,104,83,13,27,148,160,17,44,90,13,80,39,88,24,25,25,0,1,6,3
Chrysochloris asiatica,Mammalia,106,74,3,69,40,10,2,16,96,67,34,31,14,10,84,2,87,9,96,46,18,56,55,40,166,206,284,46,8,103,156,13,87,4,212,28,138,101,111,25,1,55,31,15,125,60,1,58,132,79,5,77,95,5,67,70,80,27,8,44,1,0,7,2
Cricetulus griseus,Mammalia,91,57,4,88,40,8,4,12,70,91,29,44,18,14,77,4,73,20,110,37,23,47,59,41,132,227,234,47,11,104,164,19,98,9,201,41,114,126,123,21,2,46,31,16,139,35,4,70,150,51,7,99,98,4,54,74,99,17,18,43,0,0,9,0
Dasypus novemcinctus,Mammalia,104,100,8,34,41,12,2,13,110,34,48,19,17,9,78,7,76,14,84,77,25,35,76,24,164,178,298,72,32,59,124,17,87,11,227,38,133,90,121,45,4,31,37,13,129,57,4,31,195,82,8,40,93,10,74,63,95,29,14,34,1,0,7,2
Delphinapterus leucas,Mammalia,92,99,3,46,40,13,2,9,119,39,44,20,10,11,92,5,76,16,83,69,17,38,75,27,177,138,287,127,21,71,123,13,87,9,185,35,154,86,68,65,2,69,44,15,80,76,9,49,180,117,5,58,97,8,73,51,78,39,23,29,2,0,7,0
Desmodus rotundus,Mammalia,81,155,14,30,38,20,5,5,122,17,57,13,19,5,65,23,56,33,62,94,50,19,88,16,176,82,281,166,82,37,42,24,66,25,138,72,150,55,57,111,12,32,39,10,65,103,8,43,148,179,17,49,93,14,90,34,62,65,40,33,1,0,8,2
Echinops telfairi,Mammalia,80,75,5,85,35,11,5,18,77,84,38,29,10,14,71,4,71,23,69,51,31,60,37,53,124,242,186,66,32,130,184,26,81,11,195,40,98,142,61,56,5,75,37,28,113,52,6,74,97,76,10,88,84,17,58,81,63,29,14,66,1,0,7,0
Enhydra lutris kenyoni,Mammalia,94,103,11,46,37,12,6,9,115,41,45,24,15,9,78,10,80,15,102,49,29,35,66,32,195,128,297,89,52,51,98,22,89,10,186,62,143,87,75,67,5,47,38,16,102,72,11,41,134,109,14,63,90,15,79,53,98,43,19,33,1,0,7,1
Equus asinus,Mammalia,79,103,6,53,38,20,2,6,114,39,46,19,19,4,80,12,80,17,94,60,29,31,76,26,227,125,286,137,36,71,67,18,88,9,184,43,158,78,81,71,4,35,50,12,118,76,11,33,133,106,17,53,96,8,78,51,74,44,25,35,1,0,8,1
Equus caballus,Mammalia,74,103,7,53,38,17,3,7,109,40,40,25,18,5,83,8,77,20,99,63,30,22,81,22,207,132,284,140,38,68,61,21,87,10,185,45,161,77,76,70,8,37,53,12,121,73,9,36,144,103,11,57,96,8,81,47,81,52,24,30,1,0,6,3
Equus przewalskii,Mammalia,76,102,5,52,37,16,3,8,108,40,40,26,18,5,83,8,77,21,101,64,28,21,81,22,208,131,286,141,37,67,60,21,87,9,186,44,160,79,76,71,7,37,56,10,122,72,9,36,145,104,11,55,96,8,82,46,77,54,26,31,1,0,7,0
Erinaceus europaeus,Mammalia,76,68,5,76,30,10,4,18,49,118,24,45,12,17,71,8,77,17,75,42,22,63,48,52,79,311,182,35,13,103,238,13,94,11,239,38,74,173,45,54,5,73,39,26,113,29,9,88,125,39,10,87,97,5,35,119,78,19,10,55,1,0,9,1
Eumetopias jubatus,Mammalia,92,104,12,45,42,12,6,5,95,60,41,25,18,6,76,10,79,17,112,52,20,34,69,29,203,129,299,87,46,62,98,13,91,8,212,44,139,85,76,81,7,36,38,15,111,63,9,49,141,111,19,51,93,11,69,62,103,32,13,27,1,0,7,2
Felis catus,Mammalia,84,116,8,51,45,9,7,6,94,56,39,29,14,11,84,7,76,23,97,57,30,33,63,31,179,151,273,97,42,59,109,17,89,14,182,68,117,108,72,59,7,57,34,18,112,73,8,33,124,101,14,72,92,12,76,66,95,38,21,33,1,0,7,0
Fukomys damarensis,Mammalia,91,106,7,27,52,9,3,2,130,31,51,15,17,9,76,13,80,12,112,47,23,30,80,22,228,109,297,95,54,39,83,17,92,9,222,44,151,71,72,85,7,35,47,12,115,99,10,41,148,111,14,31,90,16,107,36,77,38,17,26,1,0,5,2
Galeopterus variegatus,Mammalia,71,121,7,38,39,15,7,3,116,48,52,12,15,8,77,11,77,16,82,67,41,26,69,35,191,130,262,159,39,78,79,18,85,12,167,40,130,92,77,95,6,30,37,15,92,90,7,33,164,133,31,54,85,20,72,53,73,26,23,35,1,1,6,0
Globicephala melas,Mammalia,95,83,3,66,37,13,1,13,90,67,44,25,10,12,90,7,76,14,87,63,17,41,65,30,170,149,281,100,22,99,125,13,90,10,198,37,134,109,71,76,2,51,38,16,86,68,3,50,176,91,4,78,99,5,58,72,73,40,16,32,2,0,6,1
Gorilla gorilla gorilla,Mammalia,73,126,6,51,26,22,5,10,119,48,40,24,15,7,85,8,70,19,61,77,34,40,80,20,196,123,278,156,44,68,85,15,86,8,167,40,134,86,51,114,4,45,38,11,82,94,6,36,138,150,6,55,91,13,80,55,64,48,27,28,0,1,4,1
Heterocephalus glaber,Mammalia,93,107,4,27,51,10,3,2,129,30,53,14,16,10,77,13,77,15,110,45,27,28,80,21,229,110,310,93,43,39,79,19,92,9,220,47,154,71,71,85,6,37,49,13,117,100,9,40,146,107,16,32,90,15,108,35,74,40,18,24,0,0,5,2
Hipposideros armiger,Mammalia,80,118,8,44,36,17,3,10,106,41,45,25,20,5,80,7,72,20,79,72,46,23,68,32,169,152,275,130,47,82,70,13,78,13,176,58,150,81,74,77,4,43,43,17,100,89,1,46,124,111,7,66,88,16,65,64,88,54,19,45,1,0,8,0
Homo sapiens,Mammalia,80,124,8,43,28,26,2,7,132,32,51,15,17,5,82,8,64,24,67,87,34,24,79,18,196,124,276,167,45,65,73,18,85,10,167,40,139,77,52,119,7,41,39,14,83,99,7,32,134,155,10,52,93,11,89,46,70,48,18,31,1,1,3,2
Hyaena hyaena,Mammalia,98,129,4,28,39,16,6,4,111,41,40,23,15,8,79,15,79,23,88,58,26,43,73,22,188,136,286,92,68,62,67,23,85,19,171,63,136,93,76,74,8,43,37,18,115,72,5,34,154,103,10,58,83,22,79,55,93,35,32,29,1,0,7,0
Ictidomys tridecemlineatus,Mammalia,90,61,4,81,46,5,0,16,76,79,37,34,19,10,75,4,77,20,116,41,21,38,53,43,104,228,199,83,13,134,170,12,83,11,205,28,97,162,61,61,5,71,27,17,119,57,10,67,121,72,11,89,99,5,52,81,92,33,9,56,2,0,5,1
Jaculus jaculus,Mammalia,74,107,8,61,40,13,1,14,100,53,47,31,17,9,65,9,74,16,82,73,29,31,65,36,158,183,237,124,33,129,75,18,82,11,182,33,133,108,77,65,6,52,35,18,94,79,10,84,102,91,15,82,93,15,71,56,61,55,17,49,1,0,6,2
Lagenorhynchus obliquidens,Mammalia,98,85,4,61,36,13,3,10,106,50,46,25,11,11,89,8,79,11,88,68,16,40,64,30,167,153,280,112,17,80,132,15,93,5,202,32,140,105,71,68,2,59,35,18,88,64,5,52,170,91,6,73,93,10,61,71,84,38,9,37,2,0,7,0
Leptonychotes weddellii,Mammalia,105,91,9,45,47,10,2,5,104,49,48,22,16,8,80,9,84,14,121,43,14,37,76,22,221,119,320,87,26,61,86,13,91,10,217,30,143,89,74,81,1,42,38,15,115,65,7,43,147,107,12,55,100,4,93,44,104,24,14,33,1,0,8,1
Lipotes vexillifer,Mammalia,92,97,1,45,43,18,0,2,107,54,42,23,13,12,90,6,73,18,88,64,19,38,71,29,175,146,293,112,9,71,124,13,94,9,225,29,142,95,68,81,1,52,38,12,101,66,4,45,173,103,10,66,101,3,66,64,80,33,13,28,2,0,8,1
Loxodonta africana,Mammalia,82,75,2,72,45,12,3,8,89,68,32,33,13,10,77,7,81,17,87,54,29,45,55,45,135,183,272,78,31,100,114,26,70,28,213,43,100,119,94,43,8,50,27,28,94,58,6,66,133,102,10,95,92,11,71,73,83,36,14,43,1,1,4,3
Macaca fascicularis,Mammalia,69,114,5,53,26,22,7,10,128,39,40,24,16,11,94,4,66,17,65,80,25,37,74,24,208,119,274,141,38,76,78,19,82,7,190,38,133,80,69,106,7,35,43,15,76,79,7,49,169,138,14,63,91,11,83,49,61,37,18,37,0,1,5,0
Macaca mulatta,Mammalia,77,117,5,45,28,23,6,10,128,39,39,26,21,6,89,8,66,19,60,76,32,38,76,23,191,136,290,137,33,84,75,12,86,7,175,49,143,72,68,110,7,33,44,14,73,74,10,47,169,148,15,61,88,14,80,49,57,38,18,35,0,1,6,0
Manis javanica,Mammalia,117,117,10,32,38,15,4,6,141,22,54,14,22,5,73,11,69,26,89,65,37,24,98,9,223,73,320,108,72,38,36,14,84,11,191,64,165,51,67,98,5,24,47,11,80,82,10,42,176,124,11,28,88,17,104,20,89,42,45,31,2,0,5,0
Manis pentadactyla,Mammalia,120,118,8,29,37,15,5,6,142,21,56,15,22,5,73,12,65,29,87,63,38,25,96,11,223,78,319,107,72,38,37,14,86,10,189,64,165,51,67,99,5,25,46,11,80,81,10,43,175,126,11,29,86,18,104,20,88,37,48,30,2,0,5,0
Marmota flaviventris,Mammalia,92,67,4,69,42,7,2,14,69,82,28,41,12,15,75,8,81,16,109,44,21,42,48,52,117,240,185,71,20,141,180,11,81,12,192,32,92,164,64,56,2,72,26,22,127,57,5,66,136,78,6,73,99,5,50,83,80,31,15,58,2,0,5,1
Mastomys coucha,Mammalia,84,79,4,59,45,8,5,6,120,46,45,30,20,8,77,5,78,13,109,55,12,35,67,38,166,228,249,66,19,96,128,14,100,1,206,28,117,126,110,35,2,48,31,21,145,62,5,55,179,59,4,51,98,8,75,48,91,30,11,32,0,0,7,1
Meriones unguiculatus,Mammalia,82,74,6,69,47,9,1,7,73,87,33,34,16,12,76,6,73,23,87,35,47,39,45,49,127,225,211,73,22,115,160,17,90,11,193,38,110,151,98,40,7,55,46,18,100,61,7,66,140,76,11,88,90,12,52,74,78,28,21,44,0,0,9,0
Mesocricetus auratus,Mammalia,88,59,5,89,41,13,1,8,91,72,30,40,16,16,72,8,75,17,96,49,27,43,43,53,137,226,230,56,12,127,164,12,97,9,198,30,95,139,67,51,5,68,30,27,124,47,6,65,159,41,7,97,93,9,45,86,84,28,12,54,0,0,7,1
Microcebus murinus,Mammalia,87,76,10,65,43,14,1,8,70,89,35,33,14,11,90,1,84,13,94,45,15,60,51,43,125,234,198,60,19,107,175,20,88,12,229,36,103,146,87,47,6,50,31,25,116,59,10,51,138,73,11,77,98,8,47,73,91,23,11,54,1,0,7,1
Mirounga leonina,Mammalia,101,89,6,49,48,11,2,3,94,56,47,26,16,8,81,7,86,12,119,47,16,35,60,39,167,168,302,78,25,73,108,13,90,9,222,34,134,99,73,68,0,54,37,16,115,62,7,45,145,105,10,60,99,4,79,52,98,30,13,40,1,0,8,1
Monodelphis domestica,Mammalia,93,73,1,69,48,12,1,5,84,75,32,34,12,19,81,9,78,14,91,39,29,57,58,46,105,267,245,52,31,71,179,16,84,6,216,34,103,129,85,52,6,50,36,11,135,52,6,49,139,72,4,86,85,19,57,84,78,17,13,57,1,0,4,3
Mus caroli,Mammalia,95,61,4,66,36,13,4,11,85,76,35,41,19,9,78,7,79,13,93,40,31,45,54,42,122,262,227,55,23,105,168,14,92,9,202,34,94,152,119,31,5,41,35,22,131,54,5,56,159,62,10,74,93,10,56,72,73,21,15,52,0,0,8,0
Mus musculus,Mammalia,96,83,7,47,35,18,3,8,108,60,43,31,18,10,78,3,80,11,109,39,29,35,63,34,139,234,266,64,27,87,129,15,101,2,217,30,133,109,130,34,2,30,35,14,147,47,4,42,157,86,6,59,96,7,60,65,74,33,11,50,0,0,8,2
Mustela erminea,Mammalia,98,106,4,44,41,15,2,6,112,43,43,24,15,8,80,8,83,13,101,53,31,34,73,26,182,154,283,74,46,57,130,12,96,5,207,39,139,98,86,66,2,41,37,16,108,73,6,41,149,93,12,67,96,9,80,51,102,31,13,33,1,0,7,0
Mustela putorius furo,Mammalia,90,102,7,55,38,16,4,6,94,56,45,22,15,11,82,6,80,17,103,48,34,30,75,22,177,155,270,72,40,74,128,23,94,8,199,49,133,102,79,65,6,43,39,19,101,68,4,51,144,82,14,81,87,18,80,52,93,41,15,33,1,0,7,0
Myotis myotis,Mammalia,94,57,7,79,45,9,0,12,64,90,30,33,14,8,84,2,85,13,107,42,19,47,48,48,95,241,233,43,41,83,187,20,88,5,226,35,92,143,77,47,5,66,34,25,96,41,1,80,136,67,8,110,90,13,53,88,84,31,19,52,1,0,5,1
Nannospalax galili,Mammalia,79,97,7,56,38,10,1,12,118,55,35,34,12,16,74,7,83,13,105,31,32,51,87,16,184,160,318,62,26,64,109,15,94,6,196,22,132,108,130,30,7,27,37,18,144,59,3,32,182,101,10,31,92,10,67,52,118,21,15,38,0,1,9,0
Neomonachus schauinslandi,Mammalia,95,88,6,56,44,7,3,10,97,58,39,30,13,10,80,8,79,18,119,50,14,30,71,25,166,163,308,90,21,68,98,18,89,13,235,31,150,76,74,62,3,57,30,22,105,57,8,48,148,93,12,70,97,8,90,49,93,34,12,32,1,0,8,1
Neophocaena asiaeorientalis asiaeorientalis,Mammalia,87,92,5,55,37,14,3,7,110,46,47,21,15,7,88,8,73,21,66,70,35,43,76,26,161,150,269,119,34,80,115,22,82,12,195,43,128,104,60,71,8,64,32,22,84,68,11,55,158,117,12,59,91,14,58,65,64,45,34,33,1,1,5,2
Nomascus leucogenys,Mammalia,77,142,10,40,28,25,6,7,121,39,55,10,14,8,78,13,67,24,71,91,21,27,83,22,207,108,297,162,49,58,59,21,86,9,152,46,140,68,71,101,6,39,47,11,76,106,8,31,149,149,10,42,88,16,85,43,64,56,21,29,0,2,4,1
Ochotona curzoniae,Mammalia,85,130,9,43,40,17,3,7,105,51,50,16,18,7,82,1,75,21,61,93,28,45,71,25,189,129,272,162,23,92,75,15,83,8,170,49,157,82,69,88,7,41,39,10,98,84,4,38,129,116,9,50,96,9,73,54,69,61,17,37,1,0,2,2
Octodon degus,Mammalia,88,69,4,67,45,9,2,8,101,69,42,22,15,11,91,1,74,16,90,45,42,38,71,30,184,183,223,59,21,80,192,19,94,3,200,38,139,96,67,51,3,73,38,14,110,69,6,59,169,79,4,67,101,7,73,65,72,30,8,42,1,0,6,1
Odobenus rosmarus divergens,Mammalia,86,96,16,53,38,11,7,7,92,55,44,26,19,8,72,14,70,25,105,47,29,37,73,28,159,148,252,103,61,50,104,28,80,23,209,51,127,98,66,54,11,61,34,21,115,61,12,50,132,109,20,72,91,12,65,66,87,38,30,35,1,0,7,1
Odocoileus virginianus texanus,Mammalia,105,76,4,54,41,12,2,8,84,82,34,31,19,7,83,10,84,13,97,57,25,35,56,36,104,228,228,73,26,84,153,16,88,6,219,41,102,143,91,49,2,48,39,19,102,37,5,75,164,74,3,69,97,7,49,78,90,37,16,50,1,0,7,0
Orcinus orca,Mammalia,92,81,5,61,38,13,1,11,95,59,47,19,12,11,91,6,70,19,86,63,18,43,71,30,172,132,280,115,23,85,121,14,91,10,194,39,139,105,71,75,3,54,39,19,87,63,5,52,175,106,8,78,98,6,55,69,79,31,16,38,2,0,7,0
Ornithorhynchus anatinus,Mammalia,67,87,3,80,34,15,4,11,73,72,26,46,10,16,80,10,76,19,93,45,31,57,60,46,112,229,200,99,24,122,186,29,79,9,151,38,101,133,71,60,4,60,25,21,108,55,9,58,130,87,11,94,101,5,52,78,63,39,17,64,0,1,7,3
Orycteropus afer afer,Mammalia,81,89,2,78,46,7,2,11,97,53,42,24,18,10,79,5,79,13,107,55,30,27,65,40,178,197,268,60,29,111,131,22,87,5,186,32,129,112,104,36,6,55,36,14,122,61,4,60,119,88,7,70,98,8,66,70,83,21,15,38,1,0,8,1
Oryctolagus cuniculus,Mammalia,73,107,10,65,40,14,5,7,95,62,40,30,18,5,74,16,72,23,81,67,38,32,64,30,154,192,226,115,26,120,107,10,81,9,176,49,113,129,80,58,7,55,34,21,112,57,8,52,122,92,13,80,94,10,58,66,79,52,19,43,0,1,3,3
Oryx dammah,Mammalia,107,82,10,46,41,15,3,7,112,51,41,26,19,6,83,9,82,14,100,65,27,27,57,38,170,161,253,94,46,68,106,18,85,10,215,39,130,108,92,60,2,46,45,17,104,65,7,45,159,98,16,50,92,10,66,61,84,50,17,34,1,0,7,0
Ovis aries,Mammalia,100,85,6,48,37,13,7,7,104,60,44,25,18,5,77,11,83,11,99,56,25,37,64,32,155,189,295,111,23,72,83,11,86,11,209,50,130,115,85,70,4,36,44,11,108,56,3,46,167,97,15,45,101,3,53,76,85,34,13,45,1,0,6,0
Pan paniscus,Mammalia,69,125,8,39,26,25,4,8,114,51,51,14,17,5,86,6,72,17,74,80,24,32,72,21,175,139,286,167,30,64,80,17,87,6,172,34,141,76,61,112,2,44,42,14,87,90,8,35,141,153,11,58,91,13,89,50,73,49,14,38,1,1,4,2
Pan troglodytes,Mammalia,76,120,8,43,27,26,3,8,109,52,47,19,16,4,85,8,68,19,68,83,32,32,74,19,183,136,283,161,41,66,82,13,88,5,165,38,132,83,54,122,3,40,45,11,82,93,12,33,139,154,9,60,93,11,88,53,67,48,16,34,1,1,4,3
Panthera pardus,Mammalia,82,108,7,63,42,13,5,6,94,51,38,29,16,9,71,19,69,29,89,56,36,37,67,31,161,163,258,100,50,65,93,21,93,10,188,54,125,107,62,86,7,42,40,18,103,74,13,38,128,91,16,75,82,22,64,73,94,50,25,33,1,0,7,0
Panthera tigris altaica,Mammalia,84,112,7,61,44,11,3,7,89,58,37,29,19,8,80,12,65,30,91,58,35,32,67,28,172,155,240,106,66,63,96,27,92,15,175,67,125,102,65,86,8,38,39,18,101,74,13,34,132,96,11,75,79,25,75,64,80,36,35,40,1,0,7,0
Papio anubis,Mammalia,72,123,12,37,27,25,4,6,132,38,51,17,17,6,86,13,68,15,55,77,36,39,85,21,203,116,262,142,53,68,84,11,82,12,188,38,124,91,78,95,7,40,42,15,81,82,6,42,169,149,15,62,80,22,85,44,51,39,21,37,0,1,5,1
Peromyscus leucopus,Mammalia,87,88,6,53,45,13,1,6,121,55,38,31,20,11,73,8,78,17,116,30,34,30,70,20,153,198,307,56,24,59,132,15,95,7,192,36,123,111,131,33,3,37,38,16,134,57,4,49,168,81,5,62,94,8,64,61,105,20,23,38,0,0,7,2
Phascolarctos cinereus,Mammalia,76,83,2,59,42,9,2,8,115,58,32,31,21,15,95,3,76,7,104,54,10,33,65,35,175,169,317,58,12,66,146,18,102,4,224,23,122,90,110,40,2,44,34,18,122,58,0,45,166,110,5,83,98,5,62,75,96,19,7,26,1,0,6,2
Phoca vitulina,Mammalia,100,98,8,46,43,13,4,5,107,40,46,26,16,8,72,14,74,25,109,48,22,36,64,36,203,131,297,95,58,57,68,20,89,12,192,57,163,68,68,81,7,42,42,17,106,74,10,35,137,107,22,51,91,13,84,50,90,44,28,26,1,0,8,1
Physeter catodon,Mammalia,86,104,4,38,43,13,3,5,115,44,51,14,19,6,86,11,67,23,80,73,27,36,75,24,209,89,287,150,37,62,63,26,78,16,203,34,161,75,62,103,2,39,38,12,81,85,8,39,177,151,8,42,94,12,75,52,69,54,13,37,2,0,5,1
Pongo abelii,Mammalia,72,130,8,47,29,27,4,4,116,34,56,10,15,6,75,13,67,21,67,92,26,26,86,20,226,107,293,182,46,53,68,18,87,7,151,35,147,54,72,126,4,27,52,7,88,91,4,36,131,166,13,52,87,16,99,33,63,58,22,16,0,1,4,1
Propithecus coquereli,Mammalia,90,101,3,57,39,14,1,10,104,61,38,27,17,9,84,8,78,20,90,65,23,38,45,47,165,164,277,91,19,89,116,20,88,11,203,42,155,88,78,65,4,51,39,13,85,85,6,47,141,100,9,60,92,14,66,54,90,39,11,41,1,0,5,4
Pteropus alecto,Mammalia,84,107,17,41,39,13,5,6,111,42,53,15,16,6,75,15,66,29,91,62,35,28,68,25,170,139,305,79,71,57,81,18,84,14,181,62,152,74,117,46,9,23,38,19,106,77,15,38,154,100,19,40,95,9,73,67,100,43,24,38,0,1,7,1
Puma concolor,Mammalia,81,121,10,41,44,10,4,7,99,58,36,28,15,10,82,10,78,20,96,49,28,44,62,35,171,161,264,92,40,61,112,21,91,13,204,50,117,112,69,74,7,44,37,12,116,60,9,40,137,107,9,67,92,12,69,72,94,33,22,33,1,0,7,0
Puma yagouaroundi,Mammalia,83,106,5,50,49,10,1,6,89,68,37,27,17,7,76,14,77,22,105,54,20,40,55,36,170,162,275,82,34,67,104,29,95,9,214,47,113,117,73,78,3,43,32,15,117,63,6,34,124,113,16,67,93,11,64,82,97,31,20,38,1,0,7,0
Rattus norvegicus,Mammalia,81,100,5,50,39,14,3,8,112,56,45,25,18,11,81,5,80,13,96,57,35,20,65,35,182,192,276,105,11,70,119,16,93,6,194,30,140,94,98,58,5,37,43,13,122,78,2,43,162,88,6,62,103,2,73,56,83,39,12,25,0,0,9,0
Rattus rattus,Mammalia,90,97,2,51,40,11,4,9,112,56,46,25,21,8,81,5,80,13,104,47,23,34,59,38,177,188,257,98,12,80,123,21,87,12,190,45,122,115,100,50,4,42,40,17,128,69,3,47,163,88,6,55,96,9,77,53,80,33,16,32,0,0,9,0
Rhinopithecus bieti,Mammalia,81,66,7,71,30,20,2,11,75,103,30,32,14,8,83,10,68,18,63,67,29,47,64,34,112,232,245,93,22,90,147,19,81,9,225,31,98,126,80,68,4,61,37,17,89,64,2,57,134,119,8,73,90,11,49,88,80,25,8,57,0,1,6,0
Rhinopithecus roxellana,Mammalia,81,77,8,69,33,22,0,9,79,95,26,37,18,5,80,12,72,13,62,60,34,50,65,35,99,247,257,91,21,87,139,21,77,13,227,32,94,128,83,68,5,60,37,21,88,60,5,58,138,113,5,74,90,12,44,90,66,33,11,48,1,0,4,2
Saimiri boliviensis boliviensis,Mammalia,83,90,8,58,33,18,4,6,91,61,38,26,12,10,82,10,75,15,74,64,29,38,67,34,158,168,277,113,23,93,91,15,84,10,208,50,120,100,81,73,8,45,41,20,104,73,5,48,160,110,10,76,93,11,88,54,62,38,17,30,0,0,4,3
Sarcophilus harrisii,Mammalia,80,70,5,93,45,12,3,5,80,72,36,29,23,12,80,8,82,14,81,68,15,57,58,42,149,211,230,87,20,104,154,22,83,4,191,32,126,113,83,42,2,71,32,15,76,55,3,83,136,98,9,72,94,13,51,81,78,28,21,43,1,0,5,2
Sus scrofa,Mammalia,118,93,3,43,48,11,0,6,115,43,43,22,17,8,84,3,88,13,103,51,27,36,79,22,179,158,309,69,39,52,92,18,95,5,223,40,140,88,93,64,3,30,43,11,118,75,4,30,176,83,5,50,100,4,78,62,116,21,14,31,1,0,6,0
Talpa occidentalis,Mammalia,108,95,17,39,46,4,6,8,103,51,40,27,11,13,73,16,83,16,100,46,38,33,72,27,152,165,297,57,61,47,127,23,88,9,185,58,121,113,132,20,10,27,37,24,134,45,12,41,173,58,21,55,95,8,69,61,119,21,20,34,1,0,8,0
Theropithecus gelada,Mammalia,75,120,8,31,26,23,4,7,128,45,42,23,19,6,94,7,62,22,66,86,22,32,72,27,200,127,263,153,43,59,86,15,86,6,192,36,132,80,77,99,5,37,42,12,82,82,4,47,163,155,11,59,87,14,79,56,51,42,19,40,1,0,4,1
Trachypithecus francoisi,Mammalia,86,87,5,60,31,17,3,12,79,99,34,29,18,5,78,13,68,18,75,67,16,47,59,46,108,229,245,103,30,90,145,19,83,7,189,43,90,132,72,77,4,52,34,18,85,70,2,58,136,127,8,76,87,15,52,83,69,35,17,46,1,0,6,0
Trichechus manatus latirostris,Mammalia,56,127,12,56,32,13,10,15,102,38,45,27,16,12,72,14,67,28,75,70,36,47,71,30,188,137,262,122,68,78,70,27,75,11,161,67,149,80,92,59,10,39,39,15,108,70,12,51,96,120,20,64,89,15,80,57,61,47,25,53,0,1,4,2
Trichosurus vulpecula,Mammalia,81,121,2,41,43,11,1,11,110,52,36,32,16,14,92,1,84,8,96,68,12,37,63,43,207,156,302,77,13,79,113,15,89,4,195,27,148,88,117,41,2,31,21,22,142,69,3,40,153,99,2,61,100,4,70,63,89,25,13,36,2,0,6,3
Tursiops truncatus,Mammalia,95,78,6,74,38,13,2,11,97,61,46,24,14,8,89,6,77,14,90,65,14,43,62,34,168,151,287,103,12,85,131,17,92,6,202,36,141,106,66,59,6,70,37,15,86,65,3,53,167,90,7,66,98,6,64,65,74,42,14,39,2,0,7,0
Ursus arctos horribilis,Mammalia,98,90,15,66,41,11,9,4,74,66,40,30,16,9,71,17,68,33,104,49,35,28,55,42,157,163,255,93,70,71,87,27,80,20,160,70,115,123,59,59,12,67,35,27,86,70,11,53,128,75,16,87,89,15,67,67,92,49,27,39,1,0,6,3
Ursus maritimus,Mammalia,98,92,15,60,40,10,10,5,75,68,36,34,17,8,72,16,69,32,101,53,37,26,61,37,154,165,258,89,68,75,87,25,79,21,156,72,116,122,61,60,10,67,34,24,86,66,13,56,129,72,17,85,91,13,70,63,95,51,26,44,1,0,6,3
Vicugna pacos,Mammalia,88,103,9,52,39,16,4,6,71,73,42,31,15,9,78,15,66,28,91,63,30,33,65,28,151,167,279,93,46,68,97,15,83,18,195,58,108,122,61,84,10,43,38,24,80,69,8,54,142,89,19,70,90,15,73,68,84,60,15,43,1,0,7,2
Vombatus ursinus,Mammalia,86,101,7,63,42,14,3,8,116,42,48,19,19,11,86,2,77,13,72,75,20,46,65,44,200,159,272,118,23,67,103,24,92,2,174,37,148,75,106,57,0,38,33,14,121,77,3,38,154,95,7,57,99,5,75,59,80,41,16,38,1,0,5,4
Vulpes lagopus,Mammalia,90,96,18,56,39,12,8,7,83,67,45,28,17,7,67,21,59,34,85,55,41,34,72,30,165,168,220,106,66,72,92,35,83,20,191,60,134,95,69,57,9,58,31,22,76,70,21,66,113,101,17,78,86,18,80,56,83,39,17,47,1,0,7,0
Vulpes vulpes,Mammalia,96,96,15,59,40,7,8,10,83,62,49,26,18,6,74,15,65,29,83,50,40,42,75,29,150,186,232,93,61,82,92,29,83,19,190,61,135,93,67,68,8,51,33,22,87,69,13,65,106,99,12,81,90,14,76,59,76,44,25,44,1,0,8,1
Zalophus californianus,Mammalia,85,97,17,51,44,8,4,8,89,62,51,19,21,3,78,7,76,22,112,54,18,34,67,35,180,143,315,82,39,61,93,15,88,11,200,53,146,81,77,77,2,44,39,17,110,66,12,41,147,110,16,60,93,10,64,61,101,32,21,25,1,0,6,2
Anas platyrhynchos,Aves,94,190,11,40,38,16,16,4,107,14,51,9,24,5,71,19,72,23,82,80,51,11,101,8,222,57,300,176,90,48,35,18,78,12,107,57,167,54,91,100,14,26,52,6,93,91,13,26,123,143,11,35,91,16,83,23,73,66,28,29,0,2,7,1
Anser cygnoides domesticus,Aves,91,185,16,39,45,17,8,2,109,17,55,10,26,4,83,12,70,21,97,66,42,16,97,13,224,54,325,139,73,44,49,14,79,11,137,42,166,65,112,84,10,24,53,2,93,90,20,26,113,142,12,38,93,14,91,15,75,55,28,36,1,2,6,1
Aythya fuligula,Aves,94,173,11,52,45,16,10,1,105,16,54,6,28,1,68,24,74,22,74,79,54,14,100,10,214,63,310,178,79,46,39,14,77,12,112,57,167,54,102,92,10,26,52,7,87,100,13,23,113,157,16,31,88,19,88,19,71,59,28,37,0,2,7,1
Balearica regulorum gibbericeps,Aves,96,122,11,51,36,17,6,9,110,21,42,18,15,8,91,6,81,14,75,81,46,23,92,24,210,89,321,157,21,55,76,25,81,6,149,33,175,51,116,70,11,27,42,9,87,88,13,38,147,155,5,55,94,15,79,27,70,36,17,34,1,2,8,0
Columba livia,Aves,93,139,9,50,42,16,6,9,105,24,43,21,19,7,79,13,79,18,80,80,32,27,86,22,202,86,299,187,30,76,65,21,74,9,132,40,166,47,93,82,5,45,42,13,78,107,8,34,130,157,8,58,93,12,86,28,56,53,22,40,2,1,6,1
Coturnix japonica,Aves,88,137,6,42,43,19,4,5,100,26,41,23,19,7,84,8,85,6,90,74,28,25,74,32,226,91,297,163,19,86,74,18,84,6,142,33,149,67,125,70,6,29,44,11,104,102,4,38,141,164,3,54,99,8,77,31,71,36,20,30,0,2,8,1
Cygnus atratus,Aves,82,189,21,36,37,20,13,2,107,15,52,11,22,7,73,19,74,20,95,67,43,17,94,13,210,67,302,142,107,44,40,15,73,15,119,54,179,50,112,88,11,23,53,6,92,86,17,28,116,146,13,31,86,21,90,18,76,60,39,31,1,2,5,2
Cygnus olor,Aves,85,181,18,47,41,19,11,1,106,16,57,7,26,3,81,10,71,24,90,65,48,17,89,19,211,69,305,146,99,38,45,18,72,17,124,51,164,64,110,76,16,30,51,6,94,81,17,31,109,149,15,37,84,23,87,22,75,56,40,25,1,2,5,2
Dromaius novaehollandiae,Aves,93,105,4,85,49,9,4,8,94,38,41,21,16,13,92,5,72,21,91,57,41,40,60,47,201,93,293,152,26,82,101,19,78,6,141,29,148,73,105,74,5,43,32,15,104,74,5,55,147,109,8,72,95,11,67,43,77,35,20,41,1,1,7,2
Egretta garzetta,Aves,98,139,8,45,42,17,6,6,117,16,52,9,22,6,85,12,74,19,89,68,29,35,85,23,217,66,338,174,31,56,55,18,83,6,137,31,170,46,96,89,5,32,47,10,89,100,6,26,145,169,4,45,97,11,79,30,65,41,23,33,2,2,6,0
Falco peregrinus,Aves,102,131,8,47,43,17,5,5,109,23,43,19,15,15,91,7,76,13,103,71,30,20,86,18,194,89,319,155,39,62,80,21,86,3,146,34,143,66,102,104,6,21,42,14,88,99,4,28,136,187,3,52,95,9,78,35,68,37,19,28,1,1,7,1
Falco rusticolus,Aves,102,127,9,46,45,19,3,3,114,16,45,16,18,13,91,6,79,10,98,73,33,21,86,20,194,89,321,159,38,66,77,20,85,4,144,34,151,60,101,100,4,22,45,13,87,103,6,25,136,182,6,51,97,7,77,34,72,40,15,31,1,1,7,1
Ficedula albicollis,Aves,108,186,7,35,35,21,7,7,109,20,55,12,29,6,84,16,61,28,68,80,51,26,87,15,234,59,317,193,77,42,26,10,79,6,98,57,184,33,98,92,6,31,54,3,84,96,8,35,111,151,8,32,101,6,98,15,69,69,33,25,2,1,4,3
Gallus gallus,Aves,94,145,9,41,44,16,10,1,104,21,53,11,23,5,80,6,78,16,88,79,29,20,87,25,219,86,287,183,35,80,64,15,79,11,136,33,160,59,104,107,3,21,53,3,99,100,4,36,127,165,4,55,96,12,79,26,57,45,27,31,0,1,9,0
Gavia stellata,Aves,97,141,9,51,34,20,9,6,109,23,43,19,21,7,82,16,68,27,86,68,38,25,82,26,205,71,325,208,37,50,45,19,74,13,149,28,165,47,99,91,4,30,45,11,88,107,6,21,135,157,10,51,96,13,89,25,70,51,19,26,0,2,7,2
Lonchura striata domestica,Aves,97,161,7,35,49,11,5,3,116,18,56,12,23,7,96,4,80,12,121,52,31,17,81,25,226,72,363,110,32,60,69,17,86,0,139,30,181,40,113,84,2,23,49,8,106,102,8,26,145,141,2,30,99,8,78,30,88,53,15,32,2,1,6,1
Meleagris gallopavo,Aves,97,124,8,55,40,17,7,7,98,35,45,18,16,10,87,8,78,14,84,64,32,33,83,24,182,130,241,166,32,104,113,17,81,8,136,35,143,72,108,65,2,53,46,8,113,78,6,44,133,137,7,70,92,14,65,44,66,39,25,27,0,1,8,1
Motacilla alba alba,Aves,101,158,9,49,42,15,7,9,122,12,52,15,24,6,81,12,70,21,100,63,37,22,85,15,198,80,345,164,52,47,47,19,81,5,126,37,180,42,95,81,8,36,51,7,85,97,9,29,126,138,6,49,102,4,95,20,82,60,22,35,2,1,6,1
Nipponia nippon,Aves,101,145,8,43,37,18,5,11,118,12,46,16,21,4,87,12,75,19,81,75,47,23,80,30,221,67,311,174,45,72,57,15,79,8,134,33,161,54,100,83,9,25,44,9,99,87,14,31,144,164,6,39,88,21,81,30,58,52,29,29,1,2,5,2
Numida meleagris,Aves,88,136,10,52,44,15,6,5,109,12,51,14,20,7,81,10,77,16,75,76,38,27,92,17,216,79,299,187,36,78,59,17,85,7,124,41,167,48,101,82,13,34,52,6,116,91,5,31,125,177,6,43,93,16,83,25,56,56,20,29,0,1,8,2
Onychostruthus taczanowskii,Aves,98,163,7,44,44,16,5,8,102,32,51,15,25,5,83,7,81,10,99,58,40,26,89,11,198,90,317,127,64,75,66,20,78,9,125,37,181,45,101,76,7,41,47,10,89,99,10,28,128,127,13,44,98,7,85,27,91,48,24,36,1,2,6,1
Parus major,Aves,85,190,9,28,36,21,7,9,116,16,54,15,27,3,83,10,82,8,84,90,29,19,92,10,244,48,350,191,32,38,37,15,82,4,114,38,191,34,79,111,4,30,49,7,78,122,6,28,120,171,4,26,102,5,91,19,76,63,23,32,2,1,5,1
Passer montanus,Aves,87,165,12,49,41,16,10,5,119,16,56,11,25,7,82,14,68,23,94,64,51,14,92,8,222,56,338,131,89,36,58,19,76,10,111,51,190,30,107,81,15,21,52,7,86,97,18,29,127,135,13,35,88,18,92,18,73,58,41,32,2,1,5,1
Phasianus colchicus,Aves,87,138,6,45,41,17,6,7,97,33,33,31,21,9,87,6,85,8,88,67,27,30,76,33,201,103,254,158,27,114,92,19,81,8,139,28,164,62,106,88,4,38,45,7,106,94,6,38,128,144,4,75,95,12,68,35,63,36,23,43,0,1,7,2
Pseudopodoces humilis,Aves,102,181,5,43,36,20,7,7,106,22,57,11,27,6,87,14,72,17,72,92,41,19,85,21,219,74,310,153,52,68,57,15,82,3,123,42,170,52,104,84,2,34,50,6,81,100,4,37,124,144,8,39,95,12,94,18,64,65,22,30,2,1,5,2
Pygoscelis adeliae,Aves,95,147,7,45,37,21,4,8,113,15,47,16,23,4,86,8,77,15,78,76,42,29,99,9,217,69,310,201,35,48,49,21,81,6,139,26,179,34,101,95,5,25,46,11,91,99,7,28,159,166,3,50,83,25,87,28,73,46,18,24,0,2,7,1
Pyrgilauda ruficollis,Aves,89,146,12,58,44,17,4,6,109,24,49,18,25,5,83,7,71,19,110,66,31,19,83,16,193,95,317,131,58,82,74,14,77,10,119,41,173,49,94,72,10,46,51,8,106,79,2,43,135,108,4,66,102,4,84,27,96,46,24,36,1,2,6,1
Serinus canaria,Aves,109,143,6,49,45,13,4,10,117,19,54,11,23,6,87,6,85,8,97,62,27,37,86,19,227,82,350,143,35,65,63,10,82,2,136,26,172,42,103,75,4,43,48,9,95,89,5,41,119,135,6,50,105,1,81,26,87,44,19,43,2,1,6,1
Struthio camelus australis,Aves,93,150,10,51,46,12,8,4,89,42,31,32,21,3,86,11,79,13,83,58,38,40,79,29,193,104,287,169,51,68,80,25,74,9,125,28,148,74,84,99,10,30,41,16,106,69,13,41,134,131,13,55,82,27,67,45,72,39,22,48,1,2,6,2
Taeniopygia guttata,Aves,101,163,6,41,52,7,5,6,113,22,60,8,26,4,87,10,78,11,116,56,32,18,90,13,223,68,385,130,47,43,42,15,82,6,121,38,166,56,112,76,6,25,49,9,98,109,5,23,130,139,8,36,101,4,78,28,88,54,23,39,2,1,7,1
Acanthopagrus latus,Actinopterygii,108,136,18,78,39,18,9,8,68,45,50,26,17,8,85,11,78,23,77,75,40,52,66,40,89,179,151,183,52,159,102,24,62,15,94,64,134,103,60,88,10,55,46,12,58,78,10,58,103,95,13,69,105,14,55,52,70,60,24,76,0,1,3,3
Acipenser ruthenus,Actinopterygii,107,170,17,44,48,15,7,5,100,29,58,17,18,10,95,9,83,17,87,82,46,28,83,20,131,148,245,121,59,84,92,30,72,8,111,64,112,108,81,93,11,28,42,10,58,85,10,29,128,139,9,35,101,18,64,54,91,53,38,45,0,0,4,3
Alosa sapidissima,Actinopterygii,123,183,19,39,51,11,11,9,79,34,58,17,15,15,80,13,66,28,87,60,74,28,85,18,115,145,204,112,65,117,83,25,67,8,69,95,143,92,71,85,13,52,45,13,71,70,6,38,130,112,19,49,103,16,81,36,94,59,36,57,0,0,5,2
Amphiprion ocellaris,Actinopterygii,105,160,12,67,53,8,5,8,77,41,60,18,19,9,90,10,81,20,87,93,38,24,79,27,138,131,232,149,42,138,81,17,73,10,107,62,155,90,68,85,9,54,39,9,55,87,5,47,115,125,8,62,109,11,74,31,75,55,24,51,1,0,3,2
Anabas testudineus,Actinopterygii,118,153,17,68,49,18,8,5,85,36,56,22,20,6,78,15,75,22,77,79,43,34,83,15,146,136,187,159,41,150,92,21,70,9,111,46,147,92,68,99,13,46,51,7,60,71,9,45,114,116,12,64,93,24,74,41,66,65,30,46,0,0,4,3
Anarrhichthys ocellatus,Actinopterygii,107,147,20,72,40,18,7,11,69,48,55,21,17,8,85,18,61,34,71,78,64,38,62,44,113,154,179,139,45,170,95,24,58,14,97,63,116,114,54,102,19,46,37,18,56,74,13,51,87,146,25,39,99,21,71,41,63,56,34,72,0,0,6,1
Anguilla anguilla,Actinopterygii,125,130,8,59,54,6,6,11,87,44,57,24,17,13,92,8,90,14,117,56,44,30,63,36,105,177,269,60,37,86,116,25,87,6,160,50,136,94,141,36,12,25,35,8,103,42,4,27,164,76,8,53,111,10,59,67,122,37,24,50,0,1,5,1
Astatotilapia calliptera,Actinopterygii,106,159,11,66,30,22,12,9,84,33,50,24,17,8,87,11,93,11,60,100,46,41,73,33,112,170,161,190,39,159,84,18,67,8,114,49,134,107,46,103,7,66,34,17,49,107,6,43,103,136,10,55,109,13,61,52,53,61,29,55,0,0,3,3
Betta splendens,Actinopterygii,91,109,1,82,42,11,7,13,69,61,35,41,17,13,90,9,75,15,77,46,35,73,63,37,94,227,149,70,20,113,232,36,82,9,165,37,79,178,79,79,12,60,34,25,81,42,5,62,131,91,8,80,88,18,49,78,94,25,18,49,0,1,6,0
Boleophthalmus pectinirostris,Actinopterygii,107,147,2,98,45,16,8,4,83,41,49,26,20,10,90,8,79,17,81,75,43,41,77,30,105,155,212,113,42,178,88,17,69,5,105,58,117,119,73,88,5,62,39,10,60,60,3,51,145,99,1,63,107,7,67,46,85,46,24,79,0,0,6,2
Carassius auratus,Actinopterygii,123,134,9,68,47,10,9,10,72,48,60,16,19,6,93,8,87,14,138,49,32,30,76,28,100,185,260,83,49,99,120,15,63,14,122,54,117,111,121,56,4,29,37,14,82,60,9,34,150,92,16,50,113,7,55,60,116,29,22,60,0,0,6,4
Chanos chanos,Actinopterygii,112,174,22,52,52,12,8,4,88,29,51,24,22,6,79,19,81,19,120,66,48,15,81,21,152,114,223,162,68,108,55,16,63,15,73,78,149,86,113,58,12,32,48,11,67,71,13,32,113,127,20,38,104,18,77,32,86,76,30,55,0,0,5,2
Cheilinus undulatus,Actinopterygii,114,138,18,73,45,9,12,10,85,28,58,17,21,6,81,24,76,28,85,96,26,30,83,22,151,105,181,189,45,173,58,20,66,11,96,52,146,87,68,97,10,44,50,10,69,68,13,46,107,123,22,59,98,22,84,28,66,76,25,57,0,1,4,0
Chelmon rostratus,Actinopterygii,112,136,12,67,43,6,9,17,58,64,47,26,16,8,94,9,78,22,75,77,46,34,70,35,73,217,166,116,53,158,140,17,70,9,108,61,129,111,54,78,8,76,43,16,66,63,7,59,110,116,7,70,103,15,51,55,84,36,20,71,0,0,7,0
Clupea harengus,Actinopterygii,131,150,30,61,48,10,12,8,74,44,45,28,20,11,60,38,61,35,77,42,90,32,82,19,96,160,189,101,91,126,71,33,47,30,69,103,140,99,46,93,24,56,46,9,54,62,19,40,80,120,36,66,98,20,77,38,84,62,43,64,0,0,3,3
Coregonus clupeaformis,Actinopterygii,97,181,16,60,43,10,16,8,73,39,45,34,14,13,74,25,71,32,70,81,58,40,81,24,135,122,174,132,74,169,66,36,46,29,93,64,115,109,51,112,16,35,46,9,60,65,10,49,103,130,21,49,97,26,69,41,60,75,42,66,0,0,7,1
Cynoglossus semilaevis,Actinopterygii,104,89,11,69,38,18,4,13,52,63,42,37,19,12,83,9,69,22,95,51,42,49,68,40,139,188,176,97,40,121,187,22,78,6,157,35,114,122,62,66,4,73,30,24,89,61,9,53,131,88,11,88,92,19,62,65,77,38,19,53,0,0,7,1
Cyprinodon variegatus,Actinopterygii,99,155,26,65,32,19,14,10,66,47,56,21,15,14,80,21,75,23,66,100,38,34,84,28,98,161,139,165,61,206,75,28,59,14,70,74,128,107,45,99,5,69,38,16,53,86,15,49,107,104,13,63,99,21,82,26,71,67,24,75,0,0,7,0
Cyprinus carpio,Actinopterygii,129,144,10,55,45,15,10,9,76,45,64,11,20,5,98,1,94,8,137,44,35,32,81,23,137,157,297,99,37,82,100,11,73,6,126,49,146,76,115,52,12,33,46,9,82,57,9,29,146,104,8,42,112,8,65,50,118,33,18,58,0,0,7,3
Danio rerio,Actinopterygii,132,96,13,87,53,4,9,9,65,56,54,30,15,14,84,10,80,20,116,39,45,36,68,34,107,201,179,38,29,146,181,26,81,8,139,52,88,148,115,40,13,40,38,14,108,19,9,57,140,77,13,63,107,11,58,55,111,21,22,69,0,0,7,3
Echeneis naucrates,Actinopterygii,124,108,8,80,49,12,5,10,53,74,46,33,13,14,92,8,85,10,101,59,24,57,68,42,88,210,167,96,20,167,190,17,69,3,118,42,89,147,85,63,4,73,35,19,77,55,4,56,131,101,7,58,112,6,42,64,73,48,11,78,0,0,6,0
Epinephelus lanceolatus,Actinopterygii,118,141,10,61,38,17,10,12,82,35,46,30,17,12,88,8,81,14,86,68,33,51,76,31,135,154,223,161,29,133,98,16,76,3,121,34,145,97,60,96,2,60,45,13,64,78,5,43,129,120,8,55,106,13,66,45,78,47,20,57,0,0,7,0
Erpetoichthys calabaricus,Actinopterygii,111,93,5,89,42,22,1,10,56,91,31,41,16,11,81,11,78,15,87,59,29,46,49,49,89,262,155,44,28,133,206,27,72,10,186,50,89,136,113,21,19,56,25,15,90,53,7,67,123,66,6,85,109,6,45,78,89,18,15,62,2,1,6,2
Esox lucius,Actinopterygii,85,166,12,64,39,23,5,8,73,48,40,35,20,9,82,14,76,23,70,84,37,45,76,34,109,181,155,142,36,158,133,33,61,15,111,48,124,119,44,115,4,55,38,10,55,68,3,64,118,116,10,57,102,18,50,57,61,49,30,82,0,0,7,1
Etheostoma spectabile,Actinopterygii,101,183,23,65,19,19,20,19,74,41,58,21,19,4,62,36,54,48,65,69,68,40,72,34,83,172,143,141,75,185,76,45,45,31,62,82,98,134,38,99,18,68,39,15,49,75,19,38,90,118,23,55,82,38,66,46,60,55,43,80,0,0,6,1
Fundulus heteroclitus,Actinopterygii,104,98,11,108,47,1,9,15,34,80,31,48,15,18,83,12,79,20,70,62,34,64,52,57,61,227,119,73,31,170,230,29,61,13,127,42,90,156,49,51,8,96,36,23,78,65,5,68,92,94,7,86,108,7,40,79,94,34,13,82,0,0,7,1
Gadus morhua,Actinopterygii,119,108,11,111,30,13,16,16,47,66,35,43,10,17,73,21,71,26,70,69,43,63,56,51,65,188,170,96,28,178,163,18,53,18,121,58,98,135,45,75,9,88,38,22,67,48,11,70,114,78,13,89,106,14,42,66,94,39,22,75,0,0,5,4
Gasterosteus aculeatus aculeatus,Actinopterygii,105,139,7,101,43,7,10,19,73,39,55,22,16,9,83,15,75,25,76,73,42,62,65,41,109,156,137,92,40,228,113,25,57,14,95,60,114,132,65,78,5,69,45,13,52,67,10,68,107,98,9,76,96,23,65,45,69,55,27,84,0,0,7,1
Hippocampus comes,Actinopterygii,127,73,10,83,56,5,5,7,71,69,29,43,12,12,86,7,88,12,111,32,29,65,49,52,119,186,180,46,15,100,274,14,80,2,172,30,85,142,78,59,7,72,29,22,114,40,7,60,142,81,4,63,111,11,46,70,91,19,20,74,0,0,7,0
Hippoglossus hippoglossus,Actinopterygii,122,133,18,74,39,17,16,7,81,31,58,18,14,9,78,16,70,31,60,88,66,32,83,24,99,162,161,158,59,146,97,31,61,15,87,63,125,117,58,99,16,52,43,15,54,55,21,56,114,108,19,65,94,28,77,33,75,72,19,66,1,0,3,2
Hippoglossus stenolepis,Actinopterygii,125,133,15,73,39,16,15,9,78,35,55,20,14,9,82,12,72,29,71,89,52,36,84,23,105,159,158,151,60,151,95,34,60,16,92,59,122,120,61,101,14,49,41,15,55,56,21,55,113,108,22,63,95,27,76,34,80,72,13,66,1,0,3,2
Ictalurus punctatus,Actinopterygii,99,174,15,54,43,19,6,6,73,47,49,29,17,10,93,7,81,15,83,86,49,26,78,31,118,179,254,103,51,92,112,22,67,13,113,59,118,108,68,99,8,34,37,9,61,81,7,38,110,123,9,52,92,30,64,49,85,46,30,61,0,0,6,3
Kryptolebias marmoratus,Actinopterygii,103,136,22,82,36,21,10,6,86,38,58,14,15,11,76,21,63,30,58,99,52,22,74,30,88,193,143,131,35,163,152,34,69,11,116,48,107,173,34,105,11,62,47,19,53,59,11,70,87,105,12,76,92,21,60,53,59,45,34,62,0,0,6,1
Larimichthys crocea,Actinopterygii,91,168,15,68,43,17,8,10,75,45,53,22,21,6,82,13,73,31,58,110,45,35,81,31,127,143,171,216,59,127,91,20,60,10,90,68,142,88,43,111,9,61,44,6,58,74,9,34,118,138,7,51,100,19,57,51,45,63,27,62,1,0,6,1
Lates calcarifer,Actinopterygii,118,153,8,64,43,15,7,10,93,32,51,27,18,14,88,10,75,21,83,76,38,34,83,32,145,135,211,176,66,115,64,27,66,10,97,62,143,89,70,103,7,44,38,16,69,63,3,52,106,136,7,57,95,30,74,33,60,69,26,50,0,0,7,1
Lepisosteus oculatus,Actinopterygii,102,130,14,61,55,9,5,7,83,40,54,22,17,12,93,8,91,13,115,47,38,31,67,31,103,198,236,110,35,115,120,26,75,8,149,39,104,129,109,76,7,34,33,19,77,67,7,38,132,134,7,50,113,9,57,64,87,43,14,54,1,1,5,0
Mastacembelus armatus,Actinopterygii,94,164,10,59,40,20,9,4,91,42,53,17,15,9,88,10,75,21,62,97,46,21,79,34,170,128,197,196,39,115,86,27,74,5,116,40,144,86,58,126,9,35,35,17,69,95,6,30,121,144,4,63,95,24,75,34,50,42,21,56,0,0,5,1
Maylandia zebra,Actinopterygii,106,157,14,65,32,23,10,8,87,30,49,25,17,8,87,11,92,12,57,91,50,49,72,35,105,171,163,194,39,157,83,17,67,8,117,46,131,109,44,99,8,70,31,20,52,105,7,43,96,133,12,60,106,16,65,47,56,62,26,61,0,0,5,2
Megalops cyprinoides,Actinopterygii,126,153,13,41,52,14,5,6,109,18,68,13,19,8,93,11,76,21,118,63,41,20,86,17,188,84,300,94,45,66,83,31,74,3,154,39,157,72,135,53,14,19,54,6,89,59,6,27,166,129,10,31,100,21,86,30,94,37,34,35,0,1,4,1
Melanotaenia boesemani,Actinopterygii,107,148,15,68,33,23,7,11,79,33,52,21,22,6,91,13,74,21,67,85,50,36,66,34,128,155,190,184,47,150,82,22,70,9,113,49,124,108,40,110,6,64,45,12,59,84,7,44,109,137,8,57,99,17,79,36,60,69,21,43,0,0,4,4
Micropterus salmoides,Actinopterygii,104,181,13,54,38,21,9,9,74,48,50,23,18,7,73,22,76,27,63,93,44,46,69,38,107,160,158,177,53,171,90,20,55,16,85,62,113,121,41,111,9,62,43,8,52,76,12,46,104,126,12,59,95,24,74,34,63,61,35,65,0,0,9,1
Monopterus albus,Actinopterygii,78,156,13,63,40,17,12,5,90,39,53,13,17,14,87,8,65,24,54,92,49,33,86,24,137,159,194,166,35,135,107,20,79,9,139,33,123,106,54,95,4,69,44,11,57,70,8,66,87,142,8,80,103,15,73,52,60,58,24,47,0,1,2,3
Morone saxatilis,Actinopterygii,103,160,18,71,45,17,6,12,78,35,45,35,13,15,76,21,72,30,66,100,54,26,75,25,91,171,165,148,50,164,121,26,61,9,100,51,114,122,52,98,13,57,38,16,54,77,8,44,107,109,8,77,97,23,77,35,76,52,17,74,0,0,5,2
Neolamprologus brichardi,Actinopterygii,97,160,12,78,32,21,9,13,77,36,63,14,17,10,83,16,85,16,63,106,50,28,80,28,105,179,164,191,37,172,73,24,65,12,103,50,116,123,42,111,8,62,41,13,49,96,9,46,102,127,11,56,106,15,61,52,58,54,24,64,0,0,4,2
Nothobranchius furzeri,Actinopterygii,108,69,7,91,50,8,7,7,79,66,30,42,10,20,78,14,77,15,71,58,34,60,54,43,130,185,157,63,33,131,208,43,82,7,158,43,85,163,52,72,3,77,32,26,94,50,14,60,126,84,12,74,96,21,48,70,76,33,16,71,0,0,4,3
Notothenia coriiceps,Actinopterygii,117,150,13,84,35,14,13,13,55,47,56,22,18,14,87,19,55,40,59,102,53,38,58,44,107,154,152,149,41,188,87,31,55,25,91,63,114,122,34,106,6,75,49,21,43,68,14,58,82,127,13,56,85,31,65,50,70,70,40,57,0,0,3,4
Oncorhynchus keta,Actinopterygii,97,145,22,77,42,11,10,13,78,37,42,31,19,8,86,14,86,18,88,69,51,40,79,29,141,139,177,153,47,148,106,26,66,9,106,43,119,107,58,77,18,59,42,12,62,60,11,55,104,122,19,70,94,27,66,45,86,52,26,56,0,0,5,3
Oncorhynchus kisutch,Actinopterygii,90,158,21,79,46,12,10,7,80,38,47,26,19,8,87,13,84,21,73,75,64,35,78,31,135,135,199,144,46,143,98,27,64,10,93,58,115,111,68,86,14,45,42,10,56,72,10,50,99,122,15,73,101,20,69,41,74,53,41,60,0,0,6,3
Oncorhynchus mykiss,Actinopterygii,93,150,24,75,48,11,8,8,76,36,48,26,20,8,89,11,83,23,93,72,48,33,84,27,130,135,185,146,42,150,110,24,59,15,108,41,113,114,57,87,18,49,43,11,55,67,9,55,96,120,20,79,101,20,69,41,90,55,32,56,0,0,7,2
Oncorhynchus nerka,Actinopterygii,94,152,24,74,43,10,13,10,74,41,46,27,14,13,84,14,77,28,77,71,65,35,86,24,129,143,177,139,60,150,103,28,64,11,100,46,121,107,63,87,15,48,43,9,54,74,7,52,94,124,17,80,97,24,68,42,74,52,39,64,0,0,6,4
Oncorhynchus tshawytscha,Actinopterygii,96,148,18,81,43,11,12,9,73,42,47,27,18,9,88,13,88,17,91,78,48,29,80,28,130,144,192,132,49,152,106,28,69,6,101,50,117,111,72,83,12,45,40,12,55,73,10,48,101,131,13,68,107,14,69,43,81,57,31,54,0,0,6,3
Oreochromis aureus,Actinopterygii,99,165,17,67,40,18,6,11,85,27,61,15,19,7,89,10,87,16,71,96,43,34,83,26,126,163,180,208,25,144,62,27,67,11,93,61,151,90,45,121,7,50,43,10,54,94,7,43,117,132,4,53,108,14,72,40,57,64,22,58,0,0,6,1
Oreochromis niloticus,Actinopterygii,106,155,18,67,43,17,7,9,76,36,55,20,18,8,87,11,85,16,81,88,35,41,76,34,113,175,167,210,25,142,79,25,67,12,101,53,131,109,49,113,6,54,42,11,54,92,4,49,111,125,7,66,106,16,71,41,59,58,18,65,0,0,6,1
Oryzias latipes,Actinopterygii,103,128,29,74,37,11,16,10,78,41,47,28,18,11,77,22,76,22,51,69,69,55,69,33,99,157,143,115,65,159,139,41,55,24,103,64,103,145,45,87,13,68,41,16,72,76,13,52,93,102,16,56,77,40,56,50,77,57,37,74,1,0,5,0
Oryzias melastigma,Actinopterygii,105,103,9,100,37,9,16,13,57,60,24,50,11,16,83,18,73,25,95,34,52,66,43,51,84,201,128,57,32,183,217,41,69,14,121,44,91,151,55,45,9,96,35,24,90,60,13,55,93,80,10,88,96,22,62,56,91,32,25,83,0,1,6,1
Paralichthys olivaceus,Actinopterygii,118,143,21,71,46,9,16,7,87,31,49,26,18,8,71,22,74,22,51,81,47,62,82,28,139,146,144,184,58,167,69,32,56,19,99,63,138,97,69,91,14,49,38,15,75,59,17,45,131,99,17,44,96,25,67,36,62,68,25,57,0,0,5,1
Perca flavescens,Actinopterygii,110,147,11,87,44,15,5,14,72,43,45,34,15,8,80,19,75,25,78,77,43,46,71,35,91,173,154,124,53,200,122,15,67,7,103,47,105,129,38,83,9,92,36,19,58,60,12,50,105,118,12,60,99,21,58,54,75,59,21,75,0,0,6,1
Periophthalmus magnuspinnatus,Actinopterygii,131,150,1,74,42,16,7,9,70,56,44,30,17,10,85,16,72,23,67,79,60,35,70,38,83,184,176,143,47,183,92,24,66,4,96,60,104,135,54,99,4,69,40,12,60,60,4,56,139,92,5,58,101,14,51,56,84,40,29,74,0,0,5,2
Pimephales promelas,Actinopterygii,134,131,12,75,41,13,10,12,50,63,45,32,17,10,84,14,75,25,96,52,48,48,60,44,73,200,179,90,48,151,130,28,59,19,125,50,103,126,87,56,14,57,36,16,81,45,5,54,119,101,12,66,110,10,59,56,117,49,22,54,0,0,6,1
Poecilia reticulata,Actinopterygii,111,147,7,54,45,17,6,9,71,60,41,38,21,10,91,3,79,15,109,45,43,38,76,33,94,210,199,83,31,153,166,20,71,5,125,37,88,156,82,74,5,58,45,10,85,71,4,53,111,126,3,57,105,14,48,62,72,20,18,71,0,0,8,0
Polyodon spathula,Actinopterygii,109,163,13,49,53,9,3,9,105,32,52,20,22,7,94,8,84,17,102,82,34,18,86,17,173,113,253,139,52,79,76,30,75,4,123,55,143,82,82,102,4,31,39,11,60,78,10,33,124,155,10,31,110,10,79,38,74,55,36,47,1,0,4,2
Polypterus senegalus,Actinopterygii,118,123,8,59,39,21,5,11,69,71,40,31,19,9,83,11,85,10,88,68,36,35,65,36,106,244,176,97,30,129,169,15,77,4,162,36,92,124,97,45,6,60,34,5,86,69,1,60,130,91,10,69,103,13,47,70,75,32,15,67,1,1,3,0
Pungitius pungitius,Actinopterygii,97,151,13,95,42,13,12,13,82,39,52,27,18,6,82,19,73,24,79,79,52,39,79,26,131,147,184,111,44,169,103,25,56,14,83,63,124,116,66,75,10,62,43,11,56,78,12,49,101,119,13,59,92,26,72,36,61,56,30,91,0,0,8,2
Salarias fasciatus,Actinopterygii,91,166,30,58,40,14,11,10,79,35,50,26,20,6,71,29,67,29,69,88,53,29,74,32,144,147,169,156,74,143,78,32,60,15,98,69,112,116,52,109,14,49,39,13,69,74,19,43,101,111,13,64,85,28,79,38,58,63,36,59,0,0,2,4
Salmo salar,Actinopterygii,99,152,15,75,44,19,5,7,69,46,51,21,17,10,90,10,99,8,90,85,40,31,75,29,134,143,193,158,24,152,100,23,69,6,111,42,114,115,64,87,11,51,38,17,47,75,11,54,106,117,16,78,112,10,67,46,84,61,23,55,0,0,8,1
Salmo trutta,Actinopterygii,96,155,17,75,45,15,5,10,73,39,51,21,17,10,85,16,98,11,84,90,41,31,75,31,131,142,182,178,36,137,93,26,63,12,108,39,115,114,60,93,13,47,44,13,50,78,10,49,119,125,5,67,105,17,72,39,83,62,26,57,0,0,7,1
Salvelinus namaycush,Actinopterygii,98,155,21,77,38,14,13,10,72,40,58,17,14,13,82,16,84,23,89,78,54,25,78,28,132,142,171,136,47,165,104,29,69,7,104,45,119,109,58,88,22,46,43,12,51,68,9,58,93,122,15,78,104,18,65,46,82,53,35,59,0,0,7,1
Salvelinus sp. IW2-2015,Actinopterygii,103,150,17,78,44,14,7,10,73,40,58,17,13,15,85,13,88,19,91,77,49,30,76,30,131,142,168,132,39,172,114,28,71,5,97,50,119,109,57,84,23,51,41,12,54,67,9,54,96,121,14,78,104,18,61,51,88,53,30,62,1,0,8,2
Sander lucioperca,Actinopterygii,122,162,8,66,41,13,6,16,61,55,51,26,18,5,85,13,73,27,78,69,39,61,71,38,77,195,180,112,32,203,127,12,72,3,105,45,114,120,48,94,2,78,37,17,52,77,8,48,102,115,13,59,100,20,56,57,67,52,26,73,0,0,4,2
Scleropages formosus,Actinopterygii,83,170,14,51,44,20,6,5,95,19,57,19,26,6,96,9,79,19,78,94,36,32,91,18,191,104,279,158,41,75,69,20,82,2,129,43,157,68,104,79,8,28,45,8,77,67,5,35,147,149,6,35,99,19,84,30,74,61,17,39,1,0,5,1
Scophthalmus maximus,Actinopterygii,91,161,27,79,30,17,17,10,62,48,47,31,16,12,62,28,70,31,74,73,38,50,57,44,86,189,139,136,52,177,134,37,51,27,84,64,110,123,35,102,12,85,41,23,53,74,15,46,108,104,20,51,86,31,55,66,67,60,26,81,0,0,8,1
Seriola dumerili,Actinopterygii,116,164,17,62,46,13,12,8,91,28,62,17,17,7,78,16,70,30,73,80,52,34,83,25,127,124,168,173,65,150,79,25,62,14,76,77,154,88,43,103,19,60,42,9,50,74,23,32,114,108,23,53,100,20,81,29,56,84,26,68,0,0,6,1
Seriola lalandi dorsalis,Actinopterygii,100,172,31,59,46,13,13,8,91,28,60,18,16,9,77,16,69,31,73,83,54,32,79,30,140,114,169,178,71,144,81,17,58,18,79,73,151,90,50,103,19,54,40,9,54,76,18,32,102,112,33,45,93,27,81,28,50,84,26,73,0,0,6,1
Sinocyclocheilus anshuiensis,Actinopterygii,116,151,12,54,47,11,10,7,80,44,56,14,19,7,80,20,67,32,95,52,71,27,91,14,108,159,266,86,64,83,105,19,68,12,123,57,117,101,108,60,22,21,45,9,86,49,14,44,152,120,16,36,96,24,64,50,93,45,38,57,0,0,6,1
Sinocyclocheilus grahami,Actinopterygii,131,147,17,51,46,13,10,7,84,38,59,16,15,10,94,7,81,20,97,52,65,29,77,27,119,164,260,83,53,93,118,22,67,13,130,52,118,110,96,70,20,22,41,7,86,40,14,43,138,112,17,33,101,19,53,63,97,48,28,52,0,0,6,0
Sinocyclocheilus rhinocerous,Actinopterygii,127,137,9,55,48,11,6,11,71,44,52,20,19,6,92,10,74,26,106,52,56,32,84,22,113,175,286,79,37,90,129,13,74,6,147,35,132,93,122,58,7,22,45,12,89,41,6,46,154,123,10,29,108,11,55,60,99,38,31,49,0,0,7,0
Sparus aurata,Actinopterygii,100,165,15,65,44,12,4,16,72,45,46,27,16,10,75,21,76,26,85,83,42,38,70,40,110,154,143,196,55,167,80,32,57,21,80,65,120,118,60,81,14,56,44,10,54,75,14,63,99,113,10,59,97,22,60,48,60,68,17,90,0,1,5,1
Tachysurus fulvidraco,Actinopterygii,114,155,12,57,49,19,2,5,80,38,59,21,17,10,93,6,79,19,99,80,35,28,80,32,129,154,265,90,42,79,142,18,78,3,136,41,148,75,67,93,6,43,38,10,66,81,1,25,144,106,10,55,106,15,61,54,103,48,30,42,0,0,7,0
Takifugu rubripes,Actinopterygii,98,150,6,59,50,12,3,9,84,42,55,21,21,7,91,11,86,13,83,79,33,38,89,15,153,145,208,139,47,136,98,25,69,9,113,55,150,76,75,88,6,53,41,8,73,78,4,51,129,124,6,48,107,9,80,29,77,62,16,55,0,1,8,1
Xiphias gladius,Actinopterygii,110,155,18,71,42,15,16,5,90,32,52,26,19,4,76,20,78,20,66,91,43,40,87,25,127,127,176,202,80,129,62,17,64,10,69,83,140,94,46,112,9,55,35,17,47,91,11,43,96,134,16,47,96,25,74,38,61,77,23,66,0,0,8,1
Xiphophorus couchianus,Actinopterygii,95,161,7,52,35,25,9,6,93,23,57,18,22,8,80,13,69,22,68,94,43,24,84,18,127,131,162,193,46,131,95,28,60,6,88,49,115,126,53,121,8,37,39,12,48,81,10,49,92,141,8,48,90,27,74,35,56,59,33,45,0,0,8,0
Xiphophorus hellerii,Actinopterygii,93,179,11,49,35,23,10,8,100,22,58,16,22,8,86,15,72,19,59,92,56,31,90,16,138,127,164,195,64,141,79,37,64,9,91,51,122,127,54,139,13,21,49,8,53,94,14,42,88,154,14,44,85,36,78,31,50,68,41,47,0,1,8,0
Xiphophorus maculatus,Actinopterygii,98,169,6,52,38,25,7,6,99,25,59,17,23,7,89,14,68,24,64,94,50,31,88,17,134,135,174,195,56,141,85,28,69,5,97,43,120,133,56,128,9,34,45,6,58,85,6,52,97,155,6,49,98,22,74,35,60,62,33,48,1,0,7,0
Anolis carolinensis,Reptilia,110,109,10,43,54,5,5,8,88,59,41,27,20,9,79,18,63,28,68,73,41,35,70,25,70,253,202,44,47,143,150,32,71,11,174,41,57,190,116,43,12,29,42,15,102,57,10,56,167,105,10,47,84,16,48,60,58,29,25,68,1,1,6,0
Gekko japonicus,Reptilia,135,114,16,49,26,24,9,10,96,44,41,22,24,9,73,17,57,28,51,98,36,32,80,37,147,133,230,107,48,123,106,32,64,17,168,47,91,109,111,69,14,19,51,15,81,38,11,28,184,147,12,54,85,23,65,41,59,45,25,30,1,0,4,2
Lacerta agilis,Reptilia,89,109,3,68,37,21,2,12,91,43,37,27,13,14,84,11,78,15,88,70,21,38,61,45,109,195,191,105,21,154,161,24,79,5,170,35,81,142,107,56,5,44,37,17,101,61,3,50,136,107,12,87,93,14,57,63,56,51,14,60,0,2,5,0
Podarcis muralis,Reptilia,92,109,2,76,43,14,2,13,86,60,28,39,18,10,84,9,76,12,84,74,20,45,61,44,84,256,168,79,26,146,199,18,84,3,191,24,65,156,121,41,1,47,23,24,90,55,2,56,143,113,7,74,97,8,43,70,57,31,13,63,0,2,6,0
Protobothrops mucrosquamatus,Reptilia,100,109,7,26,37,11,4,9,95,45,39,16,19,12,82,10,79,19,76,66,30,26,91,13,213,108,291,107,32,80,77,12,92,11,205,34,115,93,98,73,9,25,41,12,105,71,8,33,178,172,10,62,88,9,61,47,70,40,24,31,1,2,4,0
Python bivittatus,Reptilia,103,112,4,25,39,11,6,6,107,41,47,19,14,18,86,10,86,11,74,71,18,29,79,21,202,126,291,100,25,61,86,19,92,6,209,32,143,76,145,34,4,23,38,9,109,61,6,27,208,156,8,54,92,8,77,33,78,33,14,44,3,0,5,0
Zootoca vivipara,Reptilia,90,90,4,67,39,14,3,14,76,73,18,45,16,16,89,4,81,6,79,53,19,67,73,34,75,256,163,75,17,140,227,17,83,2,198,32,63,157,106,41,2,51,31,19,104,49,2,51,151,119,6,90,93,12,47,76,59,16,13,69,0,2,6,0
Alligator mississippiensis,Reptilia,103,114,11,51,38,20,4,7,103,25,54,14,16,12,82,11,73,13,92,60,38,13,81,21,142,160,259,142,36,83,109,12,85,7,162,40,142,101,96,83,10,28,44,17,92,74,14,46,133,158,11,54,88,17,66,44,74,43,24,37,0,1,7,1
Alligator sinensis,Reptilia,91,156,14,45,32,18,9,9,99,24,54,18,20,13,81,17,61,25,77,66,42,17,87,15,158,110,221,156,65,111,84,28,85,9,143,55,143,88,71,105,16,23,55,12,82,98,13,33,126,151,12,55,77,24,74,34,75,64,29,25,3,0,4,3
Crocodylus porosus,Reptilia,104,143,9,43,41,15,8,6,95,35,52,19,17,10,89,20,65,25,91,60,43,20,74,23,168,131,283,90,73,72,114,18,79,10,147,50,136,81,113,49,13,27,49,15,97,77,15,33,152,141,16,44,81,19,75,38,77,50,30,33,0,2,8,1
Gavialis gangeticus,Reptilia,102,134,9,53,43,15,7,7,94,32,50,20,19,10,85,10,79,14,93,55,37,25,78,22,146,143,266,118,38,82,116,22,85,5,183,48,130,94,116,63,7,23,37,18,98,88,8,26,148,128,9,49,87,14,64,51,86,34,22,40,0,2,3,1
Chelonia mydas,Reptilia,86,110,3,40,49,9,3,8,111,41,47,13,17,9,103,1,89,3,114,59,14,29,68,39,191,128,344,82,10,49,112,17,86,2,220,17,136,84,151,40,1,19,32,14,128,75,1,32,167,140,3,57,108,5,78,46,85,19,8,39,1,1,3,1
Chrysemys picta bellii,Reptilia,92,94,4,55,45,12,5,8,100,44,35,24,17,13,90,7,79,13,97,55,27,48,66,42,151,149,275,71,22,71,152,22,92,1,208,29,133,93,139,42,9,19,26,14,114,62,8,44,160,121,5,78,100,13,80,47,101,25,16,27,0,2,5,1
Mauremys reevesii,Reptilia,94,105,7,52,49,9,6,8,100,43,42,21,18,14,95,5,86,9,95,61,32,32,62,44,169,139,258,74,23,71,152,22,85,6,207,36,128,94,132,47,11,29,29,21,107,55,4,44,152,129,1,67,101,16,68,54,83,30,14,33,0,1,8,3
Pelodiscus sinensis,Reptilia,91,90,4,50,48,12,1,7,101,64,35,24,14,15,101,5,75,7,88,43,24,48,62,41,164,168,224,54,5,69,226,20,88,3,228,28,118,95,137,35,3,33,39,15,135,46,7,35,186,121,5,58,103,8,63,66,73,16,14,41,1,1,9,2
Trachemys scripta elegans,Reptilia,85,94,7,58,47,12,4,5,93,45,36,29,21,12,94,8,79,9,101,62,29,34,57,43,146,161,256,82,19,69,167,24,93,4,214,27,125,93,139,36,5,31,28,15,118,63,5,53,160,109,3,77,98,11,78,60,87,27,24,25,1,1,6,0
Geotrypetes seraphini,Amphibia,116,49,5,72,38,7,2,19,38,98,11,57,6,22,90,7,78,17,70,33,16,89,36,52,53,290,119,32,13,130,301,23,78,7,214,38,53,202,117,20,2,60,13,38,107,26,3,78,158,57,2,99,100,14,21,94,78,13,12,70,2,0,5,0
Microcaecilia unicolor,Amphibia,118,78,3,69,55,4,3,8,96,53,33,34,14,15,89,15,80,10,81,59,32,46,54,37,129,200,185,33,21,61,239,22,89,2,224,39,88,139,142,16,11,26,28,18,142,28,8,43,201,81,8,58,98,11,45,63,81,32,14,54,0,0,5,1
Nanorana parkeri,Amphibia,69,152,19,72,35,18,7,14,62,63,44,29,18,11,75,18,62,29,50,74,58,36,67,34,112,190,140,137,50,143,118,26,69,15,121,58,103,156,58,91,25,33,30,25,70,79,16,62,109,97,13,80,84,25,43,63,59,43,38,71,1,1,3,1
Rhinatrema bivittatum,Amphibia,124,125,16,51,32,20,6,11,80,41,50,25,16,7,94,20,61,29,51,99,44,25,65,31,134,132,182,98,57,81,158,33,70,10,166,63,109,106,89,57,26,34,42,17,101,53,14,43,160,106,27,51,84,27,75,35,52,61,33,47,2,0,4,0
Xenopus laevis,Amphibia,114,83,6,73,50,5,1,10,80,70,38,36,18,13,93,6,83,14,113,40,23,44,56,40,110,228,141,54,10,159,217,20,77,8,161,35,103,125,121,20,11,52,42,15,123,44,11,66,145,71,8,83,101,16,57,60,75,25,17,62,1,0,4,3
Xenopus tropicalis,Amphibia,91,125,11,65,52,7,4,8,102,48,52,16,24,3,85,10,79,20,106,57,41,30,80,23,166,156,181,134,43,130,102,23,75,3,126,53,153,76,96,55,13,51,33,12,95,64,13,68,109,130,9,63,107,12,68,37,64,40,27,59,0,0,4,1